data_coleta,farmacia,ean,produto,marca,preco_regular,preco_pix,preco_cartao,desconto,status_estoque,url
2026-05-03,Vera Cruz,7898040329952,Xarope Sedavan 6mg/ml Sabor Framboesa 100ml,Divcom Pharma,Consultar Site,Consultar Site,Consultar Site,Consultar Site,Disponível,https://www.drogariaveracruz.com.br/xarope-sedavan-6mgml-sabor-framboesa-100ml/p
2026-05-03,Vera Cruz,7896382707278,Caneta para Aplicação de Insulina HumaPen Savvio,Eli Lilly,Consultar Site,Consultar Site,Consultar Site,Consultar Site,Fora de Estoque,https://www.drogariaveracruz.com.br/caneta-para-aplicacao-de-insulina-humapen-savvio/p
2026-05-03,Vera Cruz,7896637033848,Zanidip 20mg 30 comprimidos,Apsen,Consultar Site,Consultar Site,Consultar Site,Consultar Site,Disponível,https://www.drogariaveracruz.com.br/zanidip-20mg-30-comprimidos-revestidos/p
2026-05-03,Vera Cruz,7898258951006,Mel Baldoni Turma Da Mônica Laranjeira Bisnaga 300g,Baldoni,Consultar Site,Consultar Site,Consultar Site,Consultar Site,Fora de Estoque,https://www.drogariaveracruz.com.br/mel-baldoni-turma-da-monica-laranjeira-bisnaga-300g/p
2026-05-03,Vera Cruz,7896658000379,Famox Famotidina 20mg Com 10 comprimidos,Ache,Consultar Site,Consultar Site,Consultar Site,Consultar Site,Fora de Estoque,https://www.drogariaveracruz.com.br/famox-famotidina-20mg-com-10-comprimidos/p
2026-05-03,Vera Cruz,7891721021046,Floratil Pack 250mg + 200mg 6 cápsulas,Divcom Pharma,Consultar Site,Consultar Site,Consultar Site,Consultar Site,Fora de Estoque,https://www.drogariaveracruz.com.br/floratil-pack-250mg-200mg-6-capsulas/p
2026-05-03,Vera Cruz,7898258953192,Spray de Própolis Baldoni Própion Mel e Gengibre 30ml,Baldoni,Consultar Site,Consultar Site,Consultar Site,Consultar Site,Disponível,https://www.drogariaveracruz.com.br/spray-de-propolis-baldoni-propion-mel-e-gengibre-30ml/p
2026-05-03,Vera Cruz,7898037086639,Belladonna D1 Almeida Prado Pomada 25g,Almeida Prado,Consultar Site,Consultar Site,Consultar Site,Consultar Site,Disponível,https://www.drogariaveracruz.com.br/belladonna-d1-almeida-prado-pomada-25g/p
2026-05-03,Vera Cruz,7896269901959,Zinnat 250mg/5ml 1 Frasco Com 70ml de Pó Para Suspensão de Uso Oral,Gsk,Consultar Site,Consultar Site,Consultar Site,Consultar Site,Disponível,https://www.drogariaveracruz.com.br/zinnat-250mg5ml-1-frasco-com-70ml-de-po-para-suspensao-de-uso-oral/p
2026-05-03,Vera Cruz,7896108002342,Óleo de Prímula 500mg Bionatus 45 Cápsulas,Bionatus,Consultar Site,Consultar Site,Consultar Site,Consultar Site,Fora de Estoque,https://www.drogariaveracruz.com.br/oleo-de-primula-500mg-bionatus-45-capsulas/p
2026-05-03,Vera Cruz,7896261020184,Seebri 50mcg 30 cápsulas com pó para inalação + 1 inalador,Novartis,Consultar Site,Consultar Site,Consultar Site,Consultar Site,Fora de Estoque,https://www.drogariaveracruz.com.br/seebri-50mcg-30-capsulas-com-po-para-inalacao-1-inalador/p
2026-05-03,Vera Cruz,7897851220823,Ziprol 28 Comprimidos Revestidos 40mg,Baldacci,Consultar Site,Consultar Site,Consultar Site,Consultar Site,Disponível,https://www.drogariaveracruz.com.br/ziprol-28-comprimidos-revestidos-40mg/p
2026-05-03,Vera Cruz,7891317033149,Coltrax 4mg 20 comprimidos,Sanofi,Consultar Site,Consultar Site,Consultar Site,Consultar Site,Fora de Estoque,https://www.drogariaveracruz.com.br/coltrax-4mg-20-comprimidos/p
2026-05-03,Vera Cruz,7896006216605,Xantinon Complex 100ml,União Química,Consultar Site,Consultar Site,Consultar Site,Consultar Site,Disponível,https://www.drogariaveracruz.com.br/xantinon-complex-100ml/p
2026-05-03,Vera Cruz,7896094210080,Plenance EZE 20mg+10mg 30 Cápsulas,Libbs,Consultar Site,Consultar Site,Consultar Site,Consultar Site,Disponível,https://www.drogariaveracruz.com.br/plenance-eze-20mg10mg-30-capsulas/p
2026-05-03,Vera Cruz,7896548198865,Florate Solução Oftálmica 1mg/ml 5ml,Alcon,Consultar Site,Consultar Site,Consultar Site,Consultar Site,Fora de Estoque,https://www.drogariaveracruz.com.br/solucao-oftalmica-florate-1mgml-5ml/p
2026-05-03,Vera Cruz,7898040329587,Floratil 200mg 6 envelopes com 1g cada,Divcom Pharma,Consultar Site,Consultar Site,Consultar Site,Consultar Site,Disponível,https://www.drogariaveracruz.com.br/floratil-200mg-6-envelopes-com-1g-cada/p
2026-05-03,Vera Cruz,7898303264563,Mag plus magnésio bisglicinato C/60 cps,Herbamed,Consultar Site,Consultar Site,Consultar Site,Consultar Site,Disponível,https://www.drogariaveracruz.com.br/mag-plus-magnesio-bisglicinato-c60-cps/p
2026-05-03,Vera Cruz,7896006298625,Foldan 50mg/g Pomada 45g,União Química,Consultar Site,Consultar Site,Consultar Site,Consultar Site,Disponível,https://www.drogariaveracruz.com.br/foldan-50mgg-pomada-45g/p
2026-05-03,Vera Cruz,7896422507059,"Dipirona Monoidratada 500mg, Medley 30 comprimidos",Medley,Consultar Site,Consultar Site,Consultar Site,Consultar Site,Disponível,https://www.drogariaveracruz.com.br/dipirona-monoidratada-500mg-medley-30-comprimidos/p
2026-05-03,Vera Cruz,7896112104582,Citrato de Sildenafila 50mg Teuto 4 comprimidos revestidos,Teuto,Consultar Site,Consultar Site,Consultar Site,Consultar Site,Disponível,https://www.drogariaveracruz.com.br/citrato-de-sildenafila-50mg-teuto-4-comprimidos-revestidos/p
2026-05-03,Vera Cruz,7896004756899,Paracetamol 500mg+ Codeína 30mg 24 Comprimidos Germed,Germed,Consultar Site,Consultar Site,Consultar Site,Consultar Site,Disponível,https://www.drogariaveracruz.com.br/paracetamol-500mg-codeina-30mg-24-comprimidos-germed/p
2026-05-03,Vera Cruz,7898148297542,Mupirocina 20mg/G 1 Bisnaga Com 15G de Pomada de Uso dermatológico,Prati Donaduzzi,Consultar Site,Consultar Site,Consultar Site,Consultar Site,Disponível,https://www.drogariaveracruz.com.br/mupirocina-20mgg-1-bisnaga-com-15g-de-pomada-de-uso-dermatologico/p
2026-05-03,Vera Cruz,7896004721903,Acetato de Dexametasona Creme 1mg/g EMS 10g,Ems,Consultar Site,Consultar Site,Consultar Site,Consultar Site,Fora de Estoque,https://www.drogariaveracruz.com.br/creme-acetato-de-dexametasona-1mgg-10g/p
2026-05-03,Vera Cruz,7891317461089,Amoxicilina + Clavulanato De Potássio 875 + 125Mg Frasco Com 20 Comprimidos,Eurofarma,Consultar Site,Consultar Site,Consultar Site,Consultar Site,Disponível,https://www.drogariaveracruz.com.br/amoxicilina-clavulanato-de-potassio-875-125mg-frasco-com-20-comprimidos/p
2026-05-03,Vera Cruz,7891045008204,"MINESSE - 0,06mcg + 0,015mg, 24 comprimidos revestidos",Wyeth,Consultar Site,Consultar Site,Consultar Site,Consultar Site,Fora de Estoque,https://www.drogariaveracruz.com.br/minesse-006mcg-0015mg-24-comprimidos-revestidos/p
2026-05-03,Vera Cruz,7896658026065,Trezor 5mg 30 comprimidos,Ache,Consultar Site,Consultar Site,Consultar Site,Consultar Site,Disponível,https://www.drogariaveracruz.com.br/trezor-5mg-30-comprimidos/p
2026-05-03,Vera Cruz,40141188359,Alfajor Dr Peanut Doce De Leite Com Cobertura De Chocolate Branco 55g,Max Titanium,Consultar Site,Consultar Site,Consultar Site,Consultar Site,Fora de Estoque,https://www.drogariaveracruz.com.br/alfajor-dr-peanut-doce-de-leite-com-cobertura-de-chocolate-branco-55g/p
2026-05-03,Vera Cruz,7896094921474,Benegrip Imuno Complex 30 cápsulas gelatinosas,Hypera,Consultar Site,Consultar Site,Consultar Site,Consultar Site,Fora de Estoque,https://www.drogariaveracruz.com.br/suplemento-alimentar-benegrip-imuno-complex-30-capsulas-gelatinosas/p
2026-05-03,Vera Cruz,7896094999336,Suplemento Alimentar Vitasay Imune D 20 comprimidos efervecentes,Vitasay,Consultar Site,Consultar Site,Consultar Site,Consultar Site,Fora de Estoque,https://www.drogariaveracruz.com.br/suplemento-alimentar-vitasay-imune-d-20-comprimidos-efervecentes/p
2026-05-03,Vera Cruz,7896004715766,Ampicilina 50mg/ml 1 Frasco Com 60ml de Pó Para Suspensão de Uso Oral,Ems,Consultar Site,Consultar Site,Consultar Site,Consultar Site,Fora de Estoque,https://www.drogariaveracruz.com.br/ampicilina-50mgml-1-frasco-com-60ml-de-po-para-suspensao-de-uso-oral/p
2026-05-03,Vera Cruz,7896006225744,Cloridrato de Clindamicina 300mg União Química 16 Cápsulas Gelatinosas Duras,União Química,Consultar Site,Consultar Site,Consultar Site,Consultar Site,Disponível,https://www.drogariaveracruz.com.br/cloridrato-de-clindamicina-300mg-uniao-quimica-16-capsulas-gelatinosas-duras/p
2026-05-03,Vera Cruz,8902220116214,Neblock 5mg 60 comprimidos,Torrent,Consultar Site,Consultar Site,Consultar Site,Consultar Site,Disponível,https://www.drogariaveracruz.com.br/neblock-5mg-60-comprimidos/p
2026-05-03,Vera Cruz,7896094202757,"Cardilol 3,125mg 30 comprimidos",Libbs,Consultar Site,Consultar Site,Consultar Site,Consultar Site,Disponível,https://www.drogariaveracruz.com.br/cardilol-3125mg-30-comprimidos/p
2026-05-03,Vera Cruz,7896094918634,Addera D3 1.000 UI Gotas 5ml,Hypera,Consultar Site,Consultar Site,Consultar Site,Consultar Site,Disponível,https://www.drogariaveracruz.com.br/vitamina-d3-addera-d3-1000-ui-gotas-5ml/p
2026-05-03,Vera Cruz,7899941203006,Pre Workout Égide Sabor Frutas Silvestres Max Titanium 300g,Max Titanium,Consultar Site,Consultar Site,Consultar Site,Consultar Site,Fora de Estoque,https://www.drogariaveracruz.com.br/pre-workout-egide-sabor-frutas-silvestres-max-titanium-300g/p
2026-05-03,Vera Cruz,7896382708183,Basaglar KwikPen 100UI/ml 5 canetas aplicadoras descartáveis com refis de 3ml,Eli Lilly,Consultar Site,Consultar Site,Consultar Site,Consultar Site,Disponível,https://www.drogariaveracruz.com.br/basaglar-kwikpen-100uiml-5-canetas-aplicadoras-descartaveis-com-refis-de-3ml/p
2026-05-03,Vera Cruz,6970165152927,Anel Peniano K-Toys Cimed 1 Unidade,Cimed,Consultar Site,Consultar Site,Consultar Site,Consultar Site,Disponível,https://www.drogariaveracruz.com.br/anel-peniano-k-toys-cimed-1un/p
2026-05-03,Vera Cruz,7896004716541,Aceclofenaco 15mg/g Germed Creme 30g,Germed,Consultar Site,Consultar Site,Consultar Site,Consultar Site,Disponível,https://www.drogariaveracruz.com.br/aceclofenaco-15mgg-germed-creme-30g/p
2026-05-03,Vera Cruz,7896004746388,"Cloridrato De Venlafaxina - 75Mg, 30 Cápsulas Gelatinosas Duras De Liberação Prolongada",Ems,Consultar Site,Consultar Site,Consultar Site,Consultar Site,Fora de Estoque,https://www.drogariaveracruz.com.br/cloridrato-de-venlafaxina-75mg-30-capsulas-gelatinosas-duras-de-liberacao-prolongada/p
